C,Story,Emotion,Val
0.01457295917441019,Boredom,Boredom,0.5554439680240887
0.01457295917441019,Boredom,Fear,0.06285101190600388
0.01457295917441019,Boredom,Happiness,0.04613079613329965
0.01457295917441019,Boredom,Joy,0.17045127115188774
0.01457295917441019,Boredom,Pride,0.04122068546442096
0.01457295917441019,Boredom,Sadness,0.015461989664523277
0.01457295917441019,Boredom,Shame,0.10844027765577527
0.01457295917441019,Fear,Boredom,0.0018362571850878509
0.01457295917441019,Fear,Fear,0.9950182898361841
0.01457295917441019,Fear,Happiness,0.0005579578740947463
0.01457295917441019,Fear,Joy,0.0007868986365204129
0.01457295917441019,Fear,Pride,0.0005058987343002368
0.01457295917441019,Fear,Sadness,0.0003570735558160597
0.01457295917441019,Fear,Shame,0.0009376241779969302
0.01457295917441019,Happiness,Boredom,0.9687641700768276
0.01457295917441019,Happiness,Fear,0.00014233515342679853
0.01457295917441019,Happiness,Happiness,0.026313118180676612
0.01457295917441019,Happiness,Joy,0.0009336789441108681
0.01457295917441019,Happiness,Pride,0.003068060839118174
0.01457295917441019,Happiness,Sadness,4.626688641831555e-05
0.01457295917441019,Happiness,Shame,0.0007323699194216322
0.01457295917441019,Joy,Boredom,0.0007979691776609954
0.01457295917441019,Joy,Fear,0.011156291736129639
0.01457295917441019,Joy,Happiness,0.0019959897672011872
0.01457295917441019,Joy,Joy,0.03539559041233484
0.01457295917441019,Joy,Pride,0.2143252653834839
0.01457295917441019,Joy,Sadness,0.003701545378827702
0.01457295917441019,Joy,Shame,0.7326273481443617
0.01457295917441019,Pride,Boredom,0.0021427931287530274
0.01457295917441019,Pride,Fear,0.00018383530808169989
0.01457295917441019,Pride,Happiness,0.02584951898969121
0.01457295917441019,Pride,Joy,0.0005063814744072577
0.01457295917441019,Pride,Pride,0.6926288588894388
0.01457295917441019,Pride,Sadness,0.0032863763382745695
0.01457295917441019,Pride,Shame,0.27540223587135343
0.01457295917441019,Sadness,Boredom,0.047980257038748836
0.01457295917441019,Sadness,Fear,0.7112749857711441
0.01457295917441019,Sadness,Happiness,0.010450539639546596
0.01457295917441019,Sadness,Joy,0.043936348995351183
0.01457295917441019,Sadness,Pride,0.01865206399109706
0.01457295917441019,Sadness,Sadness,0.008259741493046006
0.01457295917441019,Sadness,Shame,0.1594460630710664
0.01457295917441019,Shame,Boredom,0.00028888077384055
0.01457295917441019,Shame,Fear,0.00014122003279072137
0.01457295917441019,Shame,Happiness,0.00011581213164510083
0.01457295917441019,Shame,Joy,0.00010881843037223689
0.01457295917441019,Shame,Pride,0.03530512789749861
0.01457295917441019,Shame,Sadness,0.0004359235717024545
0.01457295917441019,Shame,Shame,0.9636042171621505
0.013628353133890426,Boredom,Boredom,0.559373235827769
0.013628353133890426,Boredom,Fear,0.0602983519565834
0.013628353133890426,Boredom,Happiness,0.042389854475218425
0.013628353133890426,Boredom,Joy,0.16808553424800218
0.013628353133890426,Boredom,Pride,0.04501676113992841
0.013628353133890426,Boredom,Sadness,0.014684806633005034
0.013628353133890426,Boredom,Shame,0.11015145571949339
0.013628353133890426,Fear,Boredom,0.0018271773976114658
0.013628353133890426,Fear,Fear,0.9950692638993632
0.013628353133890426,Fear,Happiness,0.0005541873893300396
0.013628353133890426,Fear,Joy,0.0007801943637880847
0.013628353133890426,Fear,Pride,0.0004968839710761168
0.013628353133890426,Fear,Sadness,0.0003504409891336588
0.013628353133890426,Fear,Shame,0.0009218519896970988
0.013628353133890426,Happiness,Boredom,0.9675125832921958
0.013628353133890426,Happiness,Fear,3.4123463388359685e-05
0.013628353133890426,Happiness,Happiness,0.027781914608206275
0.013628353133890426,Happiness,Joy,0.0009251572742522061
0.013628353133890426,Happiness,Pride,0.002890997106821523
0.013628353133890426,Happiness,Sadness,4.4504448790036634e-05
0.013628353133890426,Happiness,Shame,0.0008107198063456693
0.013628353133890426,Joy,Boredom,0.0026580049001647264
0.013628353133890426,Joy,Fear,0.020177947291481018
0.013628353133890426,Joy,Happiness,0.005719595469530091
0.013628353133890426,Joy,Joy,0.0672282697491593
0.013628353133890426,Joy,Pride,0.29808684258065643
0.013628353133890426,Joy,Sadness,0.008085070386390975
0.013628353133890426,Joy,Shame,0.5980442696226176
0.013628353133890426,Pride,Boredom,0.0021532549772873013
0.013628353133890426,Pride,Fear,0.00017282511676499832
0.013628353133890426,Pride,Happiness,0.026522154999279395
0.013628353133890426,Pride,Joy,0.0006030410344382955
0.013628353133890426,Pride,Pride,0.7141718265892868
0.013628353133890426,Pride,Sadness,0.0034410997855604704
0.013628353133890426,Pride,Shame,0.25293579749738304
0.013628353133890426,Sadness,Boredom,0.04671563757386303
0.013628353133890426,Sadness,Fear,0.7071793561179569
0.013628353133890426,Sadness,Happiness,0.010187814893333742
0.013628353133890426,Sadness,Joy,0.04270277124244802
0.013628353133890426,Sadness,Pride,0.020069842260465
0.013628353133890426,Sadness,Sadness,0.007994210209455056
0.013628353133890426,Sadness,Shame,0.16515036770247873
0.013628353133890426,Shame,Boredom,0.0004203619245623037
0.013628353133890426,Shame,Fear,0.00034526479685156023
0.013628353133890426,Shame,Happiness,0.00023702099166314608
0.013628353133890426,Shame,Joy,0.000527068758441091
0.013628353133890426,Shame,Pride,0.11935033692865346
0.013628353133890426,Shame,Sadness,0.0013712689631747215
0.013628353133890426,Shame,Shame,0.8777486776366535
0.012465379360118344,Boredom,Boredom,0.5645265301139646
0.012465379360118344,Boredom,Fear,0.058175756202027806
0.012465379360118344,Boredom,Happiness,0.03937356139174418
0.012465379360118344,Boredom,Joy,0.16798806830945176
0.012465379360118344,Boredom,Pride,0.04428627002592767
0.012465379360118344,Boredom,Sadness,0.014405920570111412
0.012465379360118344,Boredom,Shame,0.11124389338677228
0.012465379360118344,Fear,Boredom,0.0018115278221912808
0.012465379360118344,Fear,Fear,0.9950956734501064
0.012465379360118344,Fear,Happiness,0.0005592474917251636
0.012465379360118344,Fear,Joy,0.0007629863184166558
0.012465379360118344,Fear,Pride,0.0004945608915255898
0.012465379360118344,Fear,Sadness,0.00034883273279500744
0.012465379360118344,Fear,Shame,0.0009271712932396982
0.012465379360118344,Happiness,Boredom,0.9645400542636157
0.012465379360118344,Happiness,Fear,3.359376956510402e-05
0.012465379360118344,Happiness,Happiness,0.031022062725558606
0.012465379360118344,Happiness,Joy,0.0009150665680917586
0.012465379360118344,Happiness,Pride,0.0026855145538081434
0.012465379360118344,Happiness,Sadness,4.315296139338838e-05
0.012465379360118344,Happiness,Shame,0.0007605551579674003
0.012465379360118344,Joy,Boredom,0.0035647660152030077
0.012465379360118344,Joy,Fear,0.022655244349614773
0.012465379360118344,Joy,Happiness,0.007393819385453341
0.012465379360118344,Joy,Joy,0.07484545683919869
0.012465379360118344,Joy,Pride,0.288988402712716
0.012465379360118344,Joy,Sadness,0.009582556204225476
0.012465379360118344,Joy,Shame,0.5929697544935888
0.012465379360118344,Pride,Boredom,0.002202895246423763
0.012465379360118344,Pride,Fear,0.00016506153737901163
0.012465379360118344,Pride,Happiness,0.02980325102982721
0.012465379360118344,Pride,Joy,0.0006402390695588507
0.012465379360118344,Pride,Pride,0.7451475820459923
0.012465379360118344,Pride,Sadness,0.003573392588262684
0.012465379360118344,Pride,Shame,0.2184675784825561
0.012465379360118344,Sadness,Boredom,0.044784792197263765
0.012465379360118344,Sadness,Fear,0.7158551839153278
0.012465379360118344,Sadness,Happiness,0.010208013939202856
0.012465379360118344,Sadness,Joy,0.041067938489167025
0.012465379360118344,Sadness,Pride,0.019724297348608193
0.012465379360118344,Sadness,Sadness,0.00762152522172068
0.012465379360118344,Sadness,Shame,0.16073824888870944
0.012465379360118344,Shame,Boredom,0.0004020835918838035
0.012465379360118344,Shame,Fear,0.0002958349519033068
0.012465379360118344,Shame,Happiness,0.00021649410164596093
0.012465379360118344,Shame,Joy,0.0005549818694640126
0.012465379360118344,Shame,Pride,0.1139279631236984
0.012465379360118344,Shame,Sadness,0.0012301399280202012
0.012465379360118344,Shame,Shame,0.8833725024333844
0.013995337452070968,Boredom,Boredom,0.5531802753761799
0.013995337452070968,Boredom,Fear,0.06142747898751653
0.013995337452070968,Boredom,Happiness,0.04440391777050537
0.013995337452070968,Boredom,Joy,0.16914223859549352
0.013995337452070968,Boredom,Pride,0.04626579807376301
0.013995337452070968,Boredom,Sadness,0.015042795163938045
0.013995337452070968,Boredom,Shame,0.11053749603260388
0.013995337452070968,Fear,Boredom,0.0018381946005538337
0.013995337452070968,Fear,Fear,0.9950322123696095
0.013995337452070968,Fear,Happiness,0.0005497031590648412
0.013995337452070968,Fear,Joy,0.0007847961392640811
0.013995337452070968,Fear,Pride,0.000506182373608324
0.013995337452070968,Fear,Sadness,0.000354125310517998
0.013995337452070968,Fear,Shame,0.0009347860473814059
0.013995337452070968,Happiness,Boredom,0.9679343220082682
0.013995337452070968,Happiness,Fear,0.00014910074536721098
0.013995337452070968,Happiness,Happiness,0.02725919301871286
0.013995337452070968,Happiness,Joy,0.0009579657973428835
0.013995337452070968,Happiness,Pride,0.002866324438009318
0.013995337452070968,Happiness,Sadness,4.5988596293347945e-05
0.013995337452070968,Happiness,Shame,0.0007871053960060076
0.013995337452070968,Joy,Boredom,0.00358937018403432
0.013995337452070968,Joy,Fear,0.023066016875106794
0.013995337452070968,Joy,Happiness,0.007457757240874839
0.013995337452070968,Joy,Joy,0.07666057277941525
0.013995337452070968,Joy,Pride,0.3047570074246629
0.013995337452070968,Joy,Sadness,0.00970047117770022
0.013995337452070968,Joy,Shame,0.5747688043182057
0.013995337452070968,Pride,Boredom,0.0021366033499645703
0.013995337452070968,Pride,Fear,0.00017221313664826825
0.013995337452070968,Pride,Happiness,0.026322330852954753
0.013995337452070968,Pride,Joy,0.000852881436669667
0.013995337452070968,Pride,Pride,0.7247321506342577
0.013995337452070968,Pride,Sadness,0.0033987779913547925
0.013995337452070968,Pride,Shame,0.24238504259815025
0.013995337452070968,Sadness,Boredom,0.047106707356711394
0.013995337452070968,Sadness,Fear,0.7062207078746704
0.013995337452070968,Sadness,Happiness,0.010181556744922764
0.013995337452070968,Sadness,Joy,0.043361328233144446
0.013995337452070968,Sadness,Pride,0.020458234269970194
0.013995337452070968,Sadness,Sadness,0.008082262378836629
0.013995337452070968,Sadness,Shame,0.1645892031417438
0.013995337452070968,Shame,Boredom,0.00045618582264392483
0.013995337452070968,Shame,Fear,0.00039971156903280907
0.013995337452070968,Shame,Happiness,0.00030853873820894527
0.013995337452070968,Shame,Joy,0.0010478048807343683
0.013995337452070968,Shame,Pride,0.12932021990175413
0.013995337452070968,Shame,Sadness,0.001526041788100564
0.013995337452070968,Shame,Shame,0.8669414972995252
0.014394136251740982,Boredom,Boredom,0.5538534764816337
0.014394136251740982,Boredom,Fear,0.06239446482615631
0.014394136251740982,Boredom,Happiness,0.045506964969608966
0.014394136251740982,Boredom,Joy,0.1696174053719
0.014394136251740982,Boredom,Pride,0.04414949340366642
0.014394136251740982,Boredom,Sadness,0.015314113415386924
0.014394136251740982,Boredom,Shame,0.10916408153164772
0.014394136251740982,Fear,Boredom,0.0018705759082049492
0.014394136251740982,Fear,Fear,0.994951784677053
0.014394136251740982,Fear,Happiness,0.0005539781539661446
0.014394136251740982,Fear,Joy,0.0007912885042761777
0.014394136251740982,Fear,Pride,0.0005145480808748682
0.014394136251740982,Fear,Sadness,0.0003561994878586532
0.014394136251740982,Fear,Shame,0.0009616251877667845
0.014394136251740982,Happiness,Boredom,0.9701747089403917
0.014394136251740982,Happiness,Fear,0.00013254631634238907
0.014394136251740982,Happiness,Happiness,0.024976518536261493
0.014394136251740982,Happiness,Joy,0.0009482357532760545
0.014394136251740982,Happiness,Pride,0.002956452049512073
0.014394136251740982,Happiness,Sadness,4.656816176315635e-05
0.014394136251740982,Happiness,Shame,0.0007649702424531721
0.014394136251740982,Joy,Boredom,0.0015148387026789757
0.014394136251740982,Joy,Fear,0.015032842662952729
0.014394136251740982,Joy,Happiness,0.003432773120922726
0.014394136251740982,Joy,Joy,0.050027942571496425
0.014394136251740982,Joy,Pride,0.2614672755856128
0.014394136251740982,Joy,Sadness,0.005521385393849339
0.014394136251740982,Joy,Shame,0.6630029419624869
0.014394136251740982,Pride,Boredom,0.0021519759669283924
0.014394136251740982,Pride,Fear,0.00018338963810834123
0.014394136251740982,Pride,Happiness,0.026037407921808305
0.014394136251740982,Pride,Joy,0.0005635142984448957
0.014394136251740982,Pride,Pride,0.6878225038602979
0.014394136251740982,Pride,Sadness,0.0032215942151242716
0.014394136251740982,Pride,Shame,0.28001961409928816
0.014394136251740982,Sadness,Boredom,0.04814756069784684
0.014394136251740982,Sadness,Fear,0.7066259356866936
0.014394136251740982,Sadness,Happiness,0.010311091392826143
0.014394136251740982,Sadness,Joy,0.04376523035357239
0.014394136251740982,Sadness,Pride,0.019480275114146944
0.014394136251740982,Sadness,Sadness,0.008267966785202125
0.014394136251740982,Sadness,Shame,0.16340193996971183
0.014394136251740982,Shame,Boredom,0.00043349627070073197
0.014394136251740982,Shame,Fear,0.00033037861450980474
0.014394136251740982,Shame,Happiness,0.0003208933216619349
0.014394136251740982,Shame,Joy,0.0003275341899836226
0.014394136251740982,Shame,Pride,0.07051138607681624
0.014394136251740982,Shame,Sadness,0.0008501229090812631
0.014394136251740982,Shame,Shame,0.9272261886172466
0.013616240004364831,Boredom,Boredom,0.5620635602249164
0.013616240004364831,Boredom,Fear,0.06025019590172646
0.013616240004364831,Boredom,Happiness,0.04229886695172274
0.013616240004364831,Boredom,Joy,0.16808754231556094
0.013616240004364831,Boredom,Pride,0.043621807697195286
0.013616240004364831,Boredom,Sadness,0.01465198261891263
0.013616240004364831,Boredom,Shame,0.10902604428996499
0.013616240004364831,Fear,Boredom,0.0018285999072116326
0.013616240004364831,Fear,Fear,0.9950648512121816
0.013616240004364831,Fear,Happiness,0.0005501032023996894
0.013616240004364831,Fear,Joy,0.0007823571767608886
0.013616240004364831,Fear,Pride,0.0004989314401367838
0.013616240004364831,Fear,Sadness,0.0003530276818070565
0.013616240004364831,Fear,Shame,0.0009221293795022017
0.013616240004364831,Happiness,Boredom,0.9682890089133538
0.013616240004364831,Happiness,Fear,3.4057779779005e-05
0.013616240004364831,Happiness,Happiness,0.02705050942384436
0.013616240004364831,Happiness,Joy,0.0009227839679239109
0.013616240004364831,Happiness,Pride,0.0028735399693448093
0.013616240004364831,Happiness,Sadness,4.440515984305615e-05
0.013616240004364831,Happiness,Shame,0.0007856947859112815
0.013616240004364831,Joy,Boredom,0.0018704018390380596
0.013616240004364831,Joy,Fear,0.016089947651826052
0.013616240004364831,Joy,Happiness,0.00413388552891977
0.013616240004364831,Joy,Joy,0.054799618900371036
0.013616240004364831,Joy,Pride,0.2517538046687817
0.013616240004364831,Joy,Sadness,0.006179123270805205
0.013616240004364831,Joy,Shame,0.6651732181402581
0.013616240004364831,Pride,Boredom,0.002158161117342289
0.013616240004364831,Pride,Fear,0.00016884395835111682
0.013616240004364831,Pride,Happiness,0.026681758270621053
0.013616240004364831,Pride,Joy,0.000622999417167959
0.013616240004364831,Pride,Pride,0.7194548713294306
0.013616240004364831,Pride,Sadness,0.003446542522408451
0.013616240004364831,Pride,Shame,0.2474668233846786
0.013616240004364831,Sadness,Boredom,0.04649575616917789
0.013616240004364831,Sadness,Fear,0.7096411179780611
0.013616240004364831,Sadness,Happiness,0.010164443634426932
0.013616240004364831,Sadness,Joy,0.04285597010296636
0.013616240004364831,Sadness,Pride,0.019251804350890217
0.013616240004364831,Sadness,Sadness,0.007938496421475193
0.013616240004364831,Sadness,Shame,0.16365241134300257
0.013616240004364831,Shame,Boredom,0.00043414486706367067
0.013616240004364831,Shame,Fear,0.0003083239159594136
0.013616240004364831,Shame,Happiness,0.0003098594814519278
0.013616240004364831,Shame,Joy,0.0003900924105762835
0.013616240004364831,Shame,Pride,0.06948676055865509
0.013616240004364831,Shame,Sadness,0.0008337533835051624
0.013616240004364831,Shame,Shame,0.9282370653827884
0.01378009134106254,Boredom,Boredom,0.5587737283114111
0.01378009134106254,Boredom,Fear,0.06133673689611463
0.01378009134106254,Boredom,Happiness,0.0435557997828668
0.01378009134106254,Boredom,Joy,0.16982001655321075
0.01378009134106254,Boredom,Pride,0.04176895692703783
0.01378009134106254,Boredom,Sadness,0.01501922054576667
0.01378009134106254,Boredom,Shame,0.10972554098359234
0.01378009134106254,Fear,Boredom,0.0018325531626424236
0.01378009134106254,Fear,Fear,0.9950289096039083
0.01378009134106254,Fear,Happiness,0.0005514248254395541
0.01378009134106254,Fear,Joy,0.000786338839316077
0.01378009134106254,Fear,Pride,0.0004963095943470981
0.01378009134106254,Fear,Sadness,0.0003553254772939302
0.01378009134106254,Fear,Shame,0.0009491384970527757
0.01378009134106254,Happiness,Boredom,0.9669542006035337
0.01378009134106254,Happiness,Fear,3.4532468613211367e-05
0.01378009134106254,Happiness,Happiness,0.028434438905952736
0.01378009134106254,Happiness,Joy,0.0009416285951551799
0.01378009134106254,Happiness,Pride,0.002835056366803242
0.01378009134106254,Happiness,Sadness,4.488807301240562e-05
0.01378009134106254,Happiness,Shame,0.0007552549869298476
0.01378009134106254,Joy,Boredom,0.0010404080881052688
0.01378009134106254,Joy,Fear,0.012279605220978254
0.01378009134106254,Joy,Happiness,0.002474432844730532
0.01378009134106254,Joy,Joy,0.040570889132271366
0.01378009134106254,Joy,Pride,0.22439095889899227
0.01378009134106254,Joy,Sadness,0.004283613562655387
0.01378009134106254,Joy,Shame,0.7149600922522669
0.01378009134106254,Pride,Boredom,0.002170054205134474
0.01378009134106254,Pride,Fear,0.00017621501095250964
0.01378009134106254,Pride,Happiness,0.026471458476453474
0.01378009134106254,Pride,Joy,0.0005096747105387152
0.01378009134106254,Pride,Pride,0.7167063107127823
0.01378009134106254,Pride,Sadness,0.003462386749146614
0.01378009134106254,Pride,Shame,0.25050390013499163
0.01378009134106254,Sadness,Boredom,0.046769008897991717
0.01378009134106254,Sadness,Fear,0.7104650938224576
0.01378009134106254,Sadness,Happiness,0.01024877384522505
0.01378009134106254,Sadness,Joy,0.04309586462792866
0.01378009134106254,Sadness,Pride,0.018599838718024484
0.01378009134106254,Sadness,Sadness,0.007959395626751421
0.01378009134106254,Sadness,Shame,0.16286202446162104
0.01378009134106254,Shame,Boredom,0.00031269777572031396
0.01378009134106254,Shame,Fear,0.00016146371121936642
0.01378009134106254,Shame,Happiness,0.00014070823733650014
0.01378009134106254,Shame,Joy,0.00012666841908354594
0.01378009134106254,Shame,Pride,0.04084030764575022
0.01378009134106254,Shame,Sadness,0.0004937587325694683
0.01378009134106254,Shame,Shame,0.9579243954783204
0.01347886641748778,Boredom,Boredom,0.5608502174927877
0.01347886641748778,Boredom,Fear,0.06011770702313683
0.01347886641748778,Boredom,Happiness,0.042542668140036974
0.01347886641748778,Boredom,Joy,0.16819931003763222
0.01347886641748778,Boredom,Pride,0.043746058153794704
0.01347886641748778,Boredom,Sadness,0.014670535812557922
0.01347886641748778,Boredom,Shame,0.10987350334005362
0.01347886641748778,Fear,Boredom,0.0018186011827928197
0.01347886641748778,Fear,Fear,0.9950591560102279
0.01347886641748778,Fear,Happiness,0.0005586931920261135
0.01347886641748778,Fear,Joy,0.0007815616934483382
0.01347886641748778,Fear,Pride,0.0004939733763755903
0.01347886641748778,Fear,Sadness,0.00035006715592363405
0.01347886641748778,Fear,Shame,0.0009379473892055375
0.01347886641748778,Happiness,Boredom,0.9671109439906687
0.01347886641748778,Happiness,Fear,3.388723739014004e-05
0.01347886641748778,Happiness,Happiness,0.02826864324205511
0.01347886641748778,Happiness,Joy,0.0009286682739935541
0.01347886641748778,Happiness,Pride,0.002822071643314421
0.01347886641748778,Happiness,Sadness,4.435052145582536e-05
0.01347886641748778,Happiness,Shame,0.000791435091122123
0.01347886641748778,Joy,Boredom,0.0018483479212587002
0.01347886641748778,Joy,Fear,0.01722099886832217
0.01347886641748778,Joy,Happiness,0.004168775904920123
0.01347886641748778,Joy,Joy,0.056515732051625064
0.01347886641748778,Joy,Pride,0.280740879205208
0.01347886641748778,Joy,Sadness,0.006442639658231614
0.01347886641748778,Joy,Shame,0.6330626263904346
0.01347886641748778,Pride,Boredom,0.0021877389734757734
0.01347886641748778,Pride,Fear,0.00017379508309213243
0.01347886641748778,Pride,Happiness,0.02811045121049374
0.01347886641748778,Pride,Joy,0.0005349321357840186
0.01347886641748778,Pride,Pride,0.7092503554390643
0.01347886641748778,Pride,Sadness,0.0034244129528997642
0.01347886641748778,Pride,Shame,0.25631831420519013
0.01347886641748778,Sadness,Boredom,0.04628671455347375
0.01347886641748778,Sadness,Fear,0.7078840237477431
0.01347886641748778,Sadness,Happiness,0.010227233626660908
0.01347886641748778,Sadness,Joy,0.04250168711141787
0.01347886641748778,Sadness,Pride,0.019427111842666423
0.01347886641748778,Sadness,Sadness,0.007901643772305369
0.01347886641748778,Sadness,Shame,0.1657715853457326
0.01347886641748778,Shame,Boredom,0.00036709894302918377
0.01347886641748778,Shame,Fear,0.00026616664661433225
0.01347886641748778,Shame,Happiness,0.0001684561148874464
0.01347886641748778,Shame,Joy,0.0002839346827051514
0.01347886641748778,Shame,Pride,0.09408708344267755
0.01347886641748778,Shame,Sadness,0.001058298218401227
0.01347886641748778,Shame,Shame,0.9037689619516858
0.014349584139582027,Boredom,Boredom,0.5536339593282699
0.014349584139582027,Boredom,Fear,0.06232698661231051
0.014349584139582027,Boredom,Happiness,0.04531628049584227
0.014349584139582027,Boredom,Joy,0.17001956479669716
0.014349584139582027,Boredom,Pride,0.043786698766268936
0.014349584139582027,Boredom,Sadness,0.01532088617731747
0.014349584139582027,Boredom,Shame,0.10959562382329324
0.014349584139582027,Fear,Boredom,0.0018537018887045224
0.014349584139582027,Fear,Fear,0.9950233109363309
0.014349584139582027,Fear,Happiness,0.0005528644221848612
0.014349584139582027,Fear,Joy,0.0007882421990673043
0.014349584139582027,Fear,Pride,0.0005045155338222316
0.014349584139582027,Fear,Sadness,0.00035390896812971154
0.014349584139582027,Fear,Shame,0.0009234560517604039
0.014349584139582027,Happiness,Boredom,0.9680194357527843
0.014349584139582027,Happiness,Fear,0.00014881856822220347
0.014349584139582027,Happiness,Happiness,0.027169507741974862
0.014349584139582027,Happiness,Joy,0.0009480682254953559
0.014349584139582027,Happiness,Pride,0.002923725288330333
0.014349584139582027,Happiness,Sadness,4.62449494031587e-05
0.014349584139582027,Happiness,Shame,0.0007441994737900062
0.014349584139582027,Joy,Boredom,0.002138594695612103
0.014349584139582027,Joy,Fear,0.018790445937718184
0.014349584139582027,Joy,Happiness,0.0047541224191788075
0.014349584139582027,Joy,Joy,0.061308307250032355
0.014349584139582027,Joy,Pride,0.299640685093553
0.014349584139582027,Joy,Sadness,0.007157354542725492
0.014349584139582027,Joy,Shame,0.6062104900611802
0.014349584139582027,Pride,Boredom,0.002115294936740839
0.014349584139582027,Pride,Fear,0.00017543216192740516
0.014349584139582027,Pride,Happiness,0.023713799272612485
0.014349584139582027,Pride,Joy,0.0005274739014643677
0.014349584139582027,Pride,Pride,0.7207313265941762
0.014349584139582027,Pride,Sadness,0.003323238506174538
0.014349584139582027,Pride,Shame,0.24941343462690443
0.014349584139582027,Sadness,Boredom,0.0479366197273405
0.014349584139582027,Sadness,Fear,0.7071953550982544
0.014349584139582027,Sadness,Happiness,0.010317083586479509
0.014349584139582027,Sadness,Joy,0.04377203831566154
0.014349584139582027,Sadness,Pride,0.019485026024931403
0.014349584139582027,Sadness,Sadness,0.008249407795762612
0.014349584139582027,Sadness,Shame,0.16304446945157033
0.014349584139582027,Shame,Boredom,0.00036752784828199926
0.014349584139582027,Shame,Fear,0.00029360171820301046
0.014349584139582027,Shame,Happiness,0.00018236464993342592
0.014349584139582027,Shame,Joy,0.0003291352923225182
0.014349584139582027,Shame,Pride,0.0967651254340837
0.014349584139582027,Shame,Sadness,0.0011076277831592058
0.014349584139582027,Shame,Shame,0.900954617274016
0.013142496732368227,Boredom,Boredom,0.5584098279136671
0.013142496732368227,Boredom,Fear,0.05970797000687587
0.013142496732368227,Boredom,Happiness,0.041983729014583304
0.013142496732368227,Boredom,Joy,0.1683082087842912
0.013142496732368227,Boredom,Pride,0.04518412701150512
0.013142496732368227,Boredom,Sadness,0.014626687083214643
0.013142496732368227,Boredom,Shame,0.11177945018586269
0.013142496732368227,Fear,Boredom,0.001823418042027823
0.013142496732368227,Fear,Fear,0.9950940571712752
0.013142496732368227,Fear,Happiness,0.0005536951204336905
0.013142496732368227,Fear,Joy,0.0007715098031912266
0.013142496732368227,Fear,Pride,0.00048598386719386115
0.013142496732368227,Fear,Sadness,0.0003502457448369775
0.013142496732368227,Fear,Shame,0.0009210902510410395
0.013142496732368227,Happiness,Boredom,0.9639441363042439
0.013142496732368227,Happiness,Fear,3.3295919286345816e-05
0.013142496732368227,Happiness,Happiness,0.0314874327584597
0.013142496732368227,Happiness,Joy,0.0009296434459589274
0.013142496732368227,Happiness,Pride,0.0028022953079308993
0.013142496732368227,Happiness,Sadness,4.3865838878576475e-05
0.013142496732368227,Happiness,Shame,0.0007593304252418975
0.013142496732368227,Joy,Boredom,0.004548937958255602
0.013142496732368227,Joy,Fear,0.02660140126697367
0.013142496732368227,Joy,Happiness,0.009281838385935189
0.013142496732368227,Joy,Joy,0.086698156327379
0.013142496732368227,Joy,Pride,0.32389709128395355
0.013142496732368227,Joy,Sadness,0.011696262671608067
0.013142496732368227,Joy,Shame,0.5372763121058951
0.013142496732368227,Pride,Boredom,0.0021671822305797165
0.013142496732368227,Pride,Fear,0.00016398574837789506
0.013142496732368227,Pride,Happiness,0.027313227389251064
0.013142496732368227,Pride,Joy,0.000697928163417356
0.013142496732368227,Pride,Pride,0.7721434369626862
0.013142496732368227,Pride,Sadness,0.003720412331655695
0.013142496732368227,Pride,Shame,0.19379382717403248
0.013142496732368227,Sadness,Boredom,0.045701245501554244
0.013142496732368227,Sadness,Fear,0.7077746680896692
0.013142496732368227,Sadness,Happiness,0.010055140814240335
0.013142496732368227,Sadness,Joy,0.041654786186549546
0.013142496732368227,Sadness,Pride,0.019931878547848596
0.013142496732368227,Sadness,Sadness,0.007734362006525843
0.013142496732368227,Sadness,Shame,0.16714791885361166
0.013142496732368227,Shame,Boredom,0.000488462958488871
0.013142496732368227,Shame,Fear,0.00043150310541517503
0.013142496732368227,Shame,Happiness,0.00032665938512577413
0.013142496732368227,Shame,Joy,0.0008935877192397086
0.013142496732368227,Shame,Pride,0.1515602730798797
0.013142496732368227,Shame,Sadness,0.0017452057625108432
0.013142496732368227,Shame,Shame,0.8445543079893402
0.015081719357696215,Boredom,Boredom,0.5567890156000851
0.015081719357696215,Boredom,Fear,0.06294542892172042
0.015081719357696215,Boredom,Happiness,0.04670563139662447
0.015081719357696215,Boredom,Joy,0.16987188948438048
0.015081719357696215,Boredom,Pride,0.03937746000402808
0.015081719357696215,Boredom,Sadness,0.015477763594226056
0.015081719357696215,Boredom,Shame,0.1088328109989356
0.015081719357696215,Fear,Boredom,0.0018312450274293546
0.015081719357696215,Fear,Fear,0.9950468007021773
0.015081719357696215,Fear,Happiness,0.0005646641121487016
0.015081719357696215,Fear,Joy,0.0007819257428660195
0.015081719357696215,Fear,Pride,0.0005068648211353353
0.015081719357696215,Fear,Sadness,0.00035739392500560023
0.015081719357696215,Fear,Shame,0.000911105669237399
0.015081719357696215,Happiness,Boredom,0.9678739019806615
0.015081719357696215,Happiness,Fear,0.0001491099324497161
0.015081719357696215,Happiness,Happiness,0.02716508724141934
0.015081719357696215,Happiness,Joy,0.0009300135977570758
0.015081719357696215,Happiness,Pride,0.003093009976448863
0.015081719357696215,Happiness,Sadness,4.614762205979321e-05
0.015081719357696215,Happiness,Shame,0.0007427296492036661
0.015081719357696215,Joy,Boredom,0.0006428416186175391
0.015081719357696215,Joy,Fear,0.010143729912589957
0.015081719357696215,Joy,Happiness,0.0016721316147130442
0.015081719357696215,Joy,Joy,0.03131509766913685
0.015081719357696215,Joy,Pride,0.19835325900342454
0.015081719357696215,Joy,Sadness,0.003224557937355391
0.015081719357696215,Joy,Shame,0.7546483822441623
0.015081719357696215,Pride,Boredom,0.002179881949913516
0.015081719357696215,Pride,Fear,0.00019818173473190256
0.015081719357696215,Pride,Happiness,0.026075290423173823
0.015081719357696215,Pride,Joy,0.0005148250963167518
0.015081719357696215,Pride,Pride,0.6946756852844478
0.015081719357696215,Pride,Sadness,0.00328952577822738
0.015081719357696215,Pride,Shame,0.2730666097331889
0.015081719357696215,Sadness,Boredom,0.04814738699159108
0.015081719357696215,Sadness,Fear,0.7171178512695728
0.015081719357696215,Sadness,Happiness,0.010674986252432185
0.015081719357696215,Sadness,Joy,0.04355826573728535
0.015081719357696215,Sadness,Pride,0.01883740463211652
0.015081719357696215,Sadness,Sadness,0.008324016330693422
0.015081719357696215,Sadness,Shame,0.15334008878630834
0.015081719357696215,Shame,Boredom,0.00028204084559202165
0.015081719357696215,Shame,Fear,0.00011826920227027045
0.015081719357696215,Shame,Happiness,9.049708339972742e-05
0.015081719357696215,Shame,Joy,8.541341864454518e-05
0.015081719357696215,Shame,Pride,0.029317816924020627
0.015081719357696215,Shame,Sadness,0.0003683939489114492
0.015081719357696215,Shame,Shame,0.9697375685771613
0.014424048566775505,Boredom,Boredom,0.5552497377203957
0.014424048566775505,Boredom,Fear,0.062431820185584394
0.014424048566775505,Boredom,Happiness,0.04576053313498632
0.014424048566775505,Boredom,Joy,0.17034108028084574
0.014424048566775505,Boredom,Pride,0.04201993682796521
0.014424048566775505,Boredom,Sadness,0.015422817554570638
0.014424048566775505,Boredom,Shame,0.10877407429565213
0.014424048566775505,Fear,Boredom,0.0018565590484057035
0.014424048566775505,Fear,Fear,0.9949680220720042
0.014424048566775505,Fear,Happiness,0.0005549880736214085
0.014424048566775505,Fear,Joy,0.0007888915952795207
0.014424048566775505,Fear,Pride,0.0005083355170985476
0.014424048566775505,Fear,Sadness,0.00035470120906793047
0.014424048566775505,Fear,Shame,0.0009685024845228128
0.014424048566775505,Happiness,Boredom,0.967875580678788
0.014424048566775505,Happiness,Fear,0.00014976393014686784
0.014424048566775505,Happiness,Happiness,0.027241334053830453
0.014424048566775505,Happiness,Joy,0.0009479640864794027
0.014424048566775505,Happiness,Pride,0.0030012567186773775
0.014424048566775505,Happiness,Sadness,4.687279879435569e-05
0.014424048566775505,Happiness,Shame,0.0007372277332833941
0.014424048566775505,Joy,Boredom,0.0008545935652089149
0.014424048566775505,Joy,Fear,0.010992514536615343
0.014424048566775505,Joy,Happiness,0.002082505134233986
0.014424048566775505,Joy,Joy,0.03661077319392412
0.014424048566775505,Joy,Pride,0.21357501791583908
0.014424048566775505,Joy,Sadness,0.003835572456939781
0.014424048566775505,Joy,Shame,0.7320490231972385
0.014424048566775505,Pride,Boredom,0.0021706088391144165
0.014424048566775505,Pride,Fear,0.0001862536588085372
0.014424048566775505,Pride,Happiness,0.02719559763479233
0.014424048566775505,Pride,Joy,0.0005277368657598283
0.014424048566775505,Pride,Pride,0.6872052421315791
0.014424048566775505,Pride,Sadness,0.0032743632475038223
0.014424048566775505,Pride,Shame,0.2794401976224418
0.014424048566775505,Sadness,Boredom,0.048175105291332315
0.014424048566775505,Sadness,Fear,0.708935542587697
0.014424048566775505,Sadness,Happiness,0.01038785013741445
0.014424048566775505,Sadness,Joy,0.04392235919377917
0.014424048566775505,Sadness,Pride,0.018950839633141675
0.014424048566775505,Sadness,Sadness,0.008303549509712621
0.014424048566775505,Sadness,Shame,0.16132475364692236
0.014424048566775505,Shame,Boredom,0.00029866117588506533
0.014424048566775505,Shame,Fear,0.00014138274488370383
0.014424048566775505,Shame,Happiness,0.00011978293122066172
0.014424048566775505,Shame,Joy,0.00012088239588805452
0.014424048566775505,Shame,Pride,0.03628998730520386
0.014424048566775505,Shame,Sadness,0.000440345654936909
0.014424048566775505,Shame,Shame,0.9625889577919815
0.014096428359091064,Boredom,Boredom,0.5537969422895421
0.014096428359091064,Boredom,Fear,0.061766612414791276
0.014096428359091064,Boredom,Happiness,0.044866609966200045
0.014096428359091064,Boredom,Joy,0.1695995786141964
0.014096428359091064,Boredom,Pride,0.044449617733580006
0.014096428359091064,Boredom,Sadness,0.015221089151548082
0.014096428359091064,Boredom,Shame,0.11029954983014181
0.014096428359091064,Fear,Boredom,0.0018491900651142568
0.014096428359091064,Fear,Fear,0.9949631862926457
0.014096428359091064,Fear,Happiness,0.0005553992709869035
0.014096428359091064,Fear,Joy,0.0007850778678874955
0.014096428359091064,Fear,Pride,0.0005062512113899218
0.014096428359091064,Fear,Sadness,0.00035363579092598707
0.014096428359091064,Fear,Shame,0.0009872595010491803
0.014096428359091064,Happiness,Boredom,0.9676344215178004
0.014096428359091064,Happiness,Fear,0.0001513342206821989
0.014096428359091064,Happiness,Happiness,0.027528053154383763
0.014096428359091064,Happiness,Joy,0.0009600312540587842
0.014096428359091064,Happiness,Pride,0.002890039055677053
0.014096428359091064,Happiness,Sadness,4.640506642867016e-05
0.014096428359091064,Happiness,Shame,0.0007897157309693245
0.014096428359091064,Joy,Boredom,0.0020430178415489007
0.014096428359091064,Joy,Fear,0.016986232166215687
0.014096428359091064,Joy,Happiness,0.0044890915251227
0.014096428359091064,Joy,Joy,0.05789020050886525
0.014096428359091064,Joy,Pride,0.26570293695647546
0.014096428359091064,Joy,Sadness,0.0065771845138601105
0.014096428359091064,Joy,Shame,0.6463113364879122
0.014096428359091064,Pride,Boredom,0.002182515296710091
0.014096428359091064,Pride,Fear,0.00018459072419898135
0.014096428359091064,Pride,Happiness,0.0268814060512427
0.014096428359091064,Pride,Joy,0.0006458691112528157
0.014096428359091064,Pride,Pride,0.6998872681702188
0.014096428359091064,Pride,Sadness,0.003366847312115791
0.014096428359091064,Pride,Shame,0.26685150333426116
0.014096428359091064,Sadness,Boredom,0.047448459673520835
0.014096428359091064,Sadness,Fear,0.7079765304879052
0.014096428359091064,Sadness,Happiness,0.010287359431424987
0.014096428359091064,Sadness,Joy,0.043384951289327275
0.014096428359091064,Sadness,Pride,0.01969950762682685
0.014096428359091064,Sadness,Sadness,0.00811086881686292
0.014096428359091064,Sadness,Shame,0.16309232267413148
0.014096428359091064,Shame,Boredom,0.0004945294701521982
0.014096428359091064,Shame,Fear,0.00038273402797107524
0.014096428359091064,Shame,Happiness,0.00039651930644680594
0.014096428359091064,Shame,Joy,0.00048013529233382124
0.014096428359091064,Shame,Pride,0.08103773571816016
0.014096428359091064,Shame,Sadness,0.0009959112918790296
0.014096428359091064,Shame,Shame,0.9162124348930569
0.013911038244873651,Boredom,Boredom,0.5563248566121977
0.013911038244873651,Boredom,Fear,0.06177178873447456
0.013911038244873651,Boredom,Happiness,0.044412449676465994
0.013911038244873651,Boredom,Joy,0.17062108306158758
0.013911038244873651,Boredom,Pride,0.041668975230569755
0.013911038244873651,Boredom,Sadness,0.015223605396934684
0.013911038244873651,Boredom,Shame,0.10997724128776985
0.013911038244873651,Fear,Boredom,0.0018350802854302868
0.013911038244873651,Fear,Fear,0.9950330017567429
0.013911038244873651,Fear,Happiness,0.000551717941923641
0.013911038244873651,Fear,Joy,0.0007792175809875751
0.013911038244873651,Fear,Pride,0.0004938151971575166
0.013911038244873651,Fear,Sadness,0.00035137431890495263
0.013911038244873651,Fear,Shame,0.0009557929188531348
0.013911038244873651,Happiness,Boredom,0.9689838411802897
0.013911038244873651,Happiness,Fear,0.00014187905193662598
0.013911038244873651,Happiness,Happiness,0.026337294070445934
0.013911038244873651,Happiness,Joy,0.0009579528815193271
0.013911038244873651,Happiness,Pride,0.0027989977345130373
0.013911038244873651,Happiness,Sadness,4.582298981886131e-05
0.013911038244873651,Happiness,Shame,0.0007342120914767232
0.013911038244873651,Joy,Boredom,0.0014628440440130571
0.013911038244873651,Joy,Fear,0.014696775559879565
0.013911038244873651,Joy,Happiness,0.0033287177858590637
0.013911038244873651,Joy,Joy,0.04881421652763795
0.013911038244873651,Joy,Pride,0.25307751907862425
0.013911038244873651,Joy,Sadness,0.005341254113982684
0.013911038244873651,Joy,Shame,0.6732786728900035
0.013911038244873651,Pride,Boredom,0.0021311197766205833
0.013911038244873651,Pride,Fear,0.00016792309940732533
0.013911038244873651,Pride,Happiness,0.025864026074464634
0.013911038244873651,Pride,Joy,0.0004903931283333704
0.013911038244873651,Pride,Pride,0.7421811794994982
0.013911038244873651,Pride,Sadness,0.003456612777850894
0.013911038244873651,Pride,Shame,0.2257087456438248
0.013911038244873651,Sadness,Boredom,0.04703810726340668
0.013911038244873651,Sadness,Fear,0.7089816760980694
0.013911038244873651,Sadness,Happiness,0.010236965606115481
0.013911038244873651,Sadness,Joy,0.04282178905063152
0.013911038244873651,Sadness,Pride,0.018476015047694666
0.013911038244873651,Sadness,Sadness,0.007999822815305787
0.013911038244873651,Sadness,Shame,0.16444562411877697
0.013911038244873651,Shame,Boredom,0.00035895413392192583
0.013911038244873651,Shame,Fear,0.00021564216118377113
0.013911038244873651,Shame,Happiness,0.00019834490471652951
0.013911038244873651,Shame,Joy,0.0001703951695014409
0.013911038244873651,Shame,Pride,0.051684789095935886
0.013911038244873651,Shame,Sadness,0.0006088082788490129
0.013911038244873651,Shame,Shame,0.9467630662558914
0.015257012765304114,Boredom,Boredom,0.5540917716107993
0.015257012765304114,Boredom,Fear,0.06319254966028787
0.015257012765304114,Boredom,Happiness,0.04709686674721086
0.015257012765304114,Boredom,Joy,0.1692966535392168
0.015257012765304114,Boredom,Pride,0.04127203719634215
0.015257012765304114,Boredom,Sadness,0.015537567960600518
0.015257012765304114,Boredom,Shame,0.10951255328554277
0.015257012765304114,Fear,Boredom,0.0018255390975417613
0.015257012765304114,Fear,Fear,0.9950227824014636
0.015257012765304114,Fear,Happiness,0.0005639973735803187
0.015257012765304114,Fear,Joy,0.0007817633700191041
0.015257012765304114,Fear,Pride,0.0005137242451622359
0.015257012765304114,Fear,Sadness,0.00036005314725210736
0.015257012765304114,Fear,Shame,0.0009321403649810081
0.015257012765304114,Happiness,Boredom,0.9702010508094563
0.015257012765304114,Happiness,Fear,0.00013134161098707074
0.015257012765304114,Happiness,Happiness,0.024808604894559255
0.015257012765304114,Happiness,Joy,0.0009356553626466726
0.015257012765304114,Happiness,Pride,0.0030973457396661877
0.015257012765304114,Happiness,Sadness,4.623317175598798e-05
0.015257012765304114,Happiness,Shame,0.0007797684109284299
0.015257012765304114,Joy,Boredom,0.0011805763621349635
0.015257012765304114,Joy,Fear,0.01371978551772507
0.015257012765304114,Joy,Happiness,0.002800728402530985
0.015257012765304114,Joy,Joy,0.04394211491253626
0.015257012765304114,Joy,Pride,0.24802044904272216
0.015257012765304114,Joy,Sadness,0.004801766379898509
0.015257012765304114,Joy,Shame,0.6855345793824521
0.015257012765304114,Pride,Boredom,0.002200434669458439
0.015257012765304114,Pride,Fear,0.00020288280241842984
0.015257012765304114,Pride,Happiness,0.02484759396653935
0.015257012765304114,Pride,Joy,0.0005509285004659479
0.015257012765304114,Pride,Pride,0.6845810260521208
0.015257012765304114,Pride,Sadness,0.0033124877773066364
0.015257012765304114,Pride,Shame,0.28430464623169055
0.015257012765304114,Sadness,Boredom,0.048181142975563196
0.015257012765304114,Sadness,Fear,0.7182606089929424
0.015257012765304114,Sadness,Happiness,0.010718243384156433
0.015257012765304114,Sadness,Joy,0.043684521379859606
0.015257012765304114,Sadness,Pride,0.01954170429737377
0.015257012765304114,Sadness,Sadness,0.008419233594607667
0.015257012765304114,Sadness,Shame,0.1511945453754969
0.015257012765304114,Shame,Boredom,0.00040308980623111104
0.015257012765304114,Shame,Fear,0.0002813774644116712
0.015257012765304114,Shame,Happiness,0.000256717921437828
0.015257012765304114,Shame,Joy,0.00022314605701512013
0.015257012765304114,Shame,Pride,0.05999366825817636
0.015257012765304114,Shame,Sadness,0.0007750683226347434
0.015257012765304114,Shame,Shame,0.938066932170093
0.014348839956578922,Boredom,Boredom,0.5576841902558604
0.014348839956578922,Boredom,Fear,0.06218928781714222
0.014348839956578922,Boredom,Happiness,0.04532859438676399
0.014348839956578922,Boredom,Joy,0.17025843369316454
0.014348839956578922,Boredom,Pride,0.04108711788721131
0.014348839956578922,Boredom,Sadness,0.015316953560711246
0.014348839956578922,Boredom,Shame,0.10813542239914645
0.014348839956578922,Fear,Boredom,0.0018600692497682293
0.014348839956578922,Fear,Fear,0.994982513540287
0.014348839956578922,Fear,Happiness,0.0005551410948416311
0.014348839956578922,Fear,Joy,0.000791029177561308
0.014348839956578922,Fear,Pride,0.0005040006589608377
0.014348839956578922,Fear,Sadness,0.00035465501116621097
0.014348839956578922,Fear,Shame,0.0009525912674147571
0.014348839956578922,Happiness,Boredom,0.9703227289876174
0.014348839956578922,Happiness,Fear,0.00013182072099998446
0.014348839956578922,Happiness,Happiness,0.024914982524340563
0.014348839956578922,Happiness,Joy,0.0009449641173114053
0.014348839956578922,Happiness,Pride,0.0029224739759088018
0.014348839956578922,Happiness,Sadness,4.622089797373468e-05
0.014348839956578922,Happiness,Shame,0.0007168087758479372
0.014348839956578922,Joy,Boredom,0.0008778840778686965
0.014348839956578922,Joy,Fear,0.01060157934981926
0.014348839956578922,Joy,Happiness,0.0020965510122190564
0.014348839956578922,Joy,Joy,0.036311996326686205
0.014348839956578922,Joy,Pride,0.19616093463022152
0.014348839956578922,Joy,Sadness,0.0037246686573052835
0.014348839956578922,Joy,Shame,0.7502263859458798
0.014348839956578922,Pride,Boredom,0.002182840434622577
0.014348839956578922,Pride,Fear,0.00018491180750090228
0.014348839956578922,Pride,Happiness,0.026712209919649774
0.014348839956578922,Pride,Joy,0.0005213955017712494
0.014348839956578922,Pride,Pride,0.691484150523299
0.014348839956578922,Pride,Sadness,0.003255911131893104
0.014348839956578922,Pride,Shame,0.2756585806812633
0.014348839956578922,Sadness,Boredom,0.048146286088762376
0.014348839956578922,Sadness,Fear,0.7095552153038274
0.014348839956578922,Sadness,Happiness,0.010414925936598814
0.014348839956578922,Sadness,Joy,0.04409627319331286
0.014348839956578922,Sadness,Pride,0.018546013611546047
0.014348839956578922,Sadness,Sadness,0.008288169254049545
0.014348839956578922,Sadness,Shame,0.16095311661190317
0.014348839956578922,Shame,Boredom,0.0002802414173438145
0.014348839956578922,Shame,Fear,0.00011814189200099946
0.014348839956578922,Shame,Happiness,9.281102437771065e-05
0.014348839956578922,Shame,Joy,0.00010460084624419907
0.014348839956578922,Shame,Pride,0.030456990072423445
0.014348839956578922,Shame,Sadness,0.00036663263150179805
0.014348839956578922,Shame,Shame,0.9685805821161084
0.01353972517410478,Boredom,Boredom,0.5641723277479039
0.01353972517410478,Boredom,Fear,0.06047901385591316
0.01353972517410478,Boredom,Happiness,0.04227795795173388
0.01353972517410478,Boredom,Joy,0.16880688016906537
0.01353972517410478,Boredom,Pride,0.040437273933931865
0.01353972517410478,Boredom,Sadness,0.014774955415220437
0.01353972517410478,Boredom,Shame,0.10905159092623136
0.01353972517410478,Fear,Boredom,0.0018270917538544683
0.01353972517410478,Fear,Fear,0.9950540948008194
0.01353972517410478,Fear,Happiness,0.0005537997959859604
0.01353972517410478,Fear,Joy,0.0007780586556013258
0.01353972517410478,Fear,Pride,0.0004844422469001402
0.01353972517410478,Fear,Sadness,0.00035084862576351074
0.01353972517410478,Fear,Shame,0.0009516641210754155
0.01353972517410478,Happiness,Boredom,0.9682287480454611
0.01353972517410478,Happiness,Fear,0.00014679213545014746
0.01353972517410478,Happiness,Happiness,0.02707560673536667
0.01353972517410478,Happiness,Joy,0.0009348991175003531
0.01353972517410478,Happiness,Pride,0.0028364199968186486
0.01353972517410478,Happiness,Sadness,4.502417076314409e-05
0.01353972517410478,Happiness,Shame,0.0007325097986400229
0.01353972517410478,Joy,Boredom,0.0014488740969821896
0.01353972517410478,Joy,Fear,0.014505675410120676
0.01353972517410478,Joy,Happiness,0.0033267760444491115
0.01353972517410478,Joy,Joy,0.04874910594620031
0.01353972517410478,Joy,Pride,0.24272301034525245
0.01353972517410478,Joy,Sadness,0.005301036763103261
0.01353972517410478,Joy,Shame,0.6839455213938914
0.01353972517410478,Pride,Boredom,0.0021273056881838657
0.01353972517410478,Pride,Fear,0.0001624178662668163
0.01353972517410478,Pride,Happiness,0.024820076565855147
0.01353972517410478,Pride,Joy,0.00048439842803671564
0.01353972517410478,Pride,Pride,0.7663108633041644
0.01353972517410478,Pride,Sadness,0.0035619918981687065
0.01353972517410478,Pride,Shame,0.20253294624932425
0.01353972517410478,Sadness,Boredom,0.046604184380642996
0.01353972517410478,Sadness,Fear,0.7083422476155549
0.01353972517410478,Sadness,Happiness,0.010189596095974461
0.01353972517410478,Sadness,Joy,0.042370376273952765
0.01353972517410478,Sadness,Pride,0.01822148559541073
0.01353972517410478,Sadness,Sadness,0.007862071541340374
0.01353972517410478,Sadness,Shame,0.16641003849712396
0.01353972517410478,Shame,Boredom,0.00034071299845196896
0.01353972517410478,Shame,Fear,0.0001868198399754203
0.01353972517410478,Shame,Happiness,0.0001687103503449711
0.01353972517410478,Shame,Joy,0.00014674008740668578
0.01353972517410478,Shame,Pride,0.046851923285095076
0.01353972517410478,Shame,Sadness,0.0005464090956738324
0.01353972517410478,Shame,Shame,0.9517586843430521
0.014106252272672946,Boredom,Boredom,0.5565267743736182
0.014106252272672946,Boredom,Fear,0.061935571060055594
0.014106252272672946,Boredom,Happiness,0.04505597392535091
0.014106252272672946,Boredom,Joy,0.1707546448847065
0.014106252272672946,Boredom,Pride,0.0401943510785056
0.014106252272672946,Boredom,Sadness,0.015357103497639905
0.014106252272672946,Boredom,Shame,0.11017558118012309
0.014106252272672946,Fear,Boredom,0.0018489597436020827
0.014106252272672946,Fear,Fear,0.9950258323843387
0.014106252272672946,Fear,Happiness,0.0005527965016268937
0.014106252272672946,Fear,Joy,0.0007856149610951896
0.014106252272672946,Fear,Pride,0.0004919071102485028
0.014106252272672946,Fear,Sadness,0.0003521739058829076
0.014106252272672946,Fear,Shame,0.0009427153932056173
0.014106252272672946,Happiness,Boredom,0.9678748762125359
0.014106252272672946,Happiness,Fear,3.483688085701821e-05
0.014106252272672946,Happiness,Happiness,0.027492331052446688
0.014106252272672946,Happiness,Joy,0.0009443375663958046
0.014106252272672946,Happiness,Pride,0.0028819258745954495
0.014106252272672946,Happiness,Sadness,4.5609338967931337e-05
0.014106252272672946,Happiness,Shame,0.0007260830742015438
0.014106252272672946,Joy,Boredom,0.0010269873733328248
0.014106252272672946,Joy,Fear,0.01252406398111626
0.014106252272672946,Joy,Happiness,0.0024659757889090275
0.014106252272672946,Joy,Joy,0.04072106435399504
0.014106252272672946,Joy,Pride,0.2354565046162355
0.014106252272672946,Joy,Sadness,0.00433640403387195
0.014106252272672946,Joy,Shame,0.7034689998525393
0.014106252272672946,Pride,Boredom,0.002119686005859084
0.014106252272672946,Pride,Fear,0.0001660148248611822
0.014106252272672946,Pride,Happiness,0.024830463649503965
0.014106252272672946,Pride,Joy,0.00047156275627540723
0.014106252272672946,Pride,Pride,0.7620948314365393
0.014106252272672946,Pride,Sadness,0.0035558444428652435
0.014106252272672946,Pride,Shame,0.2067615968840958
0.014106252272672946,Sadness,Boredom,0.04716157464716972
0.014106252272672946,Sadness,Fear,0.712425264912608
0.014106252272672946,Sadness,Happiness,0.01034192341109686
0.014106252272672946,Sadness,Joy,0.04357366692953362
0.014106252272672946,Sadness,Pride,0.018278328592507546
0.014106252272672946,Sadness,Sadness,0.008063042346961376
0.014106252272672946,Sadness,Shame,0.1601561991601228
0.014106252272672946,Shame,Boredom,0.0002899281255296589
0.014106252272672946,Shame,Fear,0.00013087428443843606
0.014106252272672946,Shame,Happiness,0.00010931791278713651
0.014106252272672946,Shame,Joy,9.279352987558121e-05
0.014106252272672946,Shame,Pride,0.034277873943031716
0.014106252272672946,Shame,Sadness,0.0004135573774500642
0.014106252272672946,Shame,Shame,0.9646856548268877
0.014506693887229182,Boredom,Boredom,0.5567938731637633
0.014506693887229182,Boredom,Fear,0.06274076541717294
0.014506693887229182,Boredom,Happiness,0.04600297956807378
0.014506693887229182,Boredom,Joy,0.1704455321222948
0.014506693887229182,Boredom,Pride,0.040204792911417146
0.014506693887229182,Boredom,Sadness,0.01545646664321212
0.014506693887229182,Boredom,Shame,0.10835559017406582
0.014506693887229182,Fear,Boredom,0.0018438803031006763
0.014506693887229182,Fear,Fear,0.9950232208186189
0.014506693887229182,Fear,Happiness,0.0005561556752210917
0.014506693887229182,Fear,Joy,0.0007843923268449992
0.014506693887229182,Fear,Pride,0.0004977531507788787
0.014506693887229182,Fear,Sadness,0.0003539045507071308
0.014506693887229182,Fear,Shame,0.0009406931747281483
0.014506693887229182,Happiness,Boredom,0.9696863659111904
0.014506693887229182,Happiness,Fear,0.00013579399399918908
0.014506693887229182,Happiness,Happiness,0.025482925514048193
0.014506693887229182,Happiness,Joy,0.0009433272840798876
0.014506693887229182,Happiness,Pride,0.0030012023828328515
0.014506693887229182,Happiness,Sadness,4.6628444785531866e-05
0.014506693887229182,Happiness,Shame,0.0007037564690635858
0.014506693887229182,Joy,Boredom,0.0007911579864047485
0.014506693887229182,Joy,Fear,0.011481741758699357
0.014506693887229182,Joy,Happiness,0.002000112061218442
0.014506693887229182,Joy,Joy,0.03543862238198516
0.014506693887229182,Joy,Pride,0.2234538148208186
0.014506693887229182,Joy,Sadness,0.0037899702880352403
0.014506693887229182,Joy,Shame,0.7230445807028382
0.014506693887229182,Pride,Boredom,0.002148905047109459
0.014506693887229182,Pride,Fear,0.00017962062741021814
0.014506693887229182,Pride,Happiness,0.02479886268235265
0.014506693887229182,Pride,Joy,0.0004870709906059333
0.014506693887229182,Pride,Pride,0.7296243187782314
0.014506693887229182,Pride,Sadness,0.0034386163816289713
0.014506693887229182,Pride,Shame,0.23932260549266118
0.014506693887229182,Sadness,Boredom,0.047994762153498835
0.014506693887229182,Sadness,Fear,0.7125161555184287
0.014506693887229182,Sadness,Happiness,0.010408707668909008
0.014506693887229182,Sadness,Joy,0.04381986167969739
0.014506693887229182,Sadness,Pride,0.018165550235124665
0.014506693887229182,Sadness,Sadness,0.008235549022087984
0.014506693887229182,Sadness,Shame,0.15885941372225307
0.014506693887229182,Shame,Boredom,0.0002882048072391873
0.014506693887229182,Shame,Fear,0.00012532082358252957
0.014506693887229182,Shame,Happiness,0.00010060007944031264
0.014506693887229182,Shame,Joy,8.622861369500436e-05
0.014506693887229182,Shame,Pride,0.031871307396942876
0.014506693887229182,Shame,Sadness,0.0003940426141620047
0.014506693887229182,Shame,Shame,0.9671342956649381
0.013329092132421167,Boredom,Boredom,0.5574854632132492
0.013329092132421167,Boredom,Fear,0.06025720877131242
0.013329092132421167,Boredom,Happiness,0.042386927362910984
0.013329092132421167,Boredom,Joy,0.16819138724864682
0.013329092132421167,Boredom,Pride,0.046052015522420456
0.013329092132421167,Boredom,Sadness,0.014665808596908478
0.013329092132421167,Boredom,Shame,0.11096118928455186
0.013329092132421167,Fear,Boredom,0.001817292454987598
0.013329092132421167,Fear,Fear,0.9950841610906237
0.013329092132421167,Fear,Happiness,0.0005544073971738729
0.013329092132421167,Fear,Joy,0.0007769298519641495
0.013329092132421167,Fear,Pride,0.0004962387186994167
0.013329092132421167,Fear,Sadness,0.00034538296627621793
0.013329092132421167,Fear,Shame,0.0009255875202754108
0.013329092132421167,Happiness,Boredom,0.9664716895186493
0.013329092132421167,Happiness,Fear,3.378204434080482e-05
0.013329092132421167,Happiness,Happiness,0.028944709244625416
0.013329092132421167,Happiness,Joy,0.0009347758503757739
0.013329092132421167,Happiness,Pride,0.0027753699625443786
0.013329092132421167,Happiness,Sadness,4.38858471564401e-05
0.013329092132421167,Happiness,Shame,0.0007957875323076159
0.013329092132421167,Joy,Boredom,0.0027659148977060327
0.013329092132421167,Joy,Fear,0.020324466801361376
0.013329092132421167,Joy,Happiness,0.0058969213138708254
0.013329092132421167,Joy,Joy,0.06726260863827911
0.013329092132421167,Joy,Pride,0.2863315707748336
0.013329092132421167,Joy,Sadness,0.008173705993137744
0.013329092132421167,Joy,Shame,0.6092448115808109
0.013329092132421167,Pride,Boredom,0.002213540398589302
0.013329092132421167,Pride,Fear,0.0001689542125906195
0.013329092132421167,Pride,Happiness,0.026436192260060658
0.013329092132421167,Pride,Joy,0.0006879212419291366
0.013329092132421167,Pride,Pride,0.719749336669261
0.013329092132421167,Pride,Sadness,0.0034674617300609863
0.013329092132421167,Pride,Shame,0.24727659348750836
0.013329092132421167,Sadness,Boredom,0.04595004334709615
0.013329092132421167,Sadness,Fear,0.7058363180441969
0.013329092132421167,Sadness,Happiness,0.010083852610653513
0.013329092132421167,Sadness,Joy,0.04201063145176429
0.013329092132421167,Sadness,Pride,0.019730015291986765
0.013329092132421167,Sadness,Sadness,0.007814825662591765
0.013329092132421167,Sadness,Shame,0.16857431359171016
0.013329092132421167,Shame,Boredom,0.00041437342820045843
0.013329092132421167,Shame,Fear,0.0003367343998001852
0.013329092132421167,Shame,Happiness,0.00023834276019518426
0.013329092132421167,Shame,Joy,0.0006474197771417377
0.013329092132421167,Shame,Pride,0.11486872097338796
0.013329092132421167,Shame,Sadness,0.0013101612839291224
0.013329092132421167,Shame,Shame,0.8821842473773452
0.014645173279188694,Boredom,Boredom,0.5569118669184675
0.014645173279188694,Boredom,Fear,0.06289035178365733
0.014645173279188694,Boredom,Happiness,0.04610444292474152
0.014645173279188694,Boredom,Joy,0.16998676400539833
0.014645173279188694,Boredom,Pride,0.04051399875026899
0.014645173279188694,Boredom,Sadness,0.015420127752165714
0.014645173279188694,Boredom,Shame,0.10817244786530059
0.014645173279188694,Fear,Boredom,0.0018509737745109425
0.014645173279188694,Fear,Fear,0.9950133647750645
0.014645173279188694,Fear,Happiness,0.0005588390368398657
0.014645173279188694,Fear,Joy,0.0007862887786682405
0.014645173279188694,Fear,Pride,0.0005062866318178159
0.014645173279188694,Fear,Sadness,0.0003568687182728821
0.014645173279188694,Fear,Shame,0.0009273782848260041
0.014645173279188694,Happiness,Boredom,0.9707237319274709
0.014645173279188694,Happiness,Fear,0.00012804144966884875
0.014645173279188694,Happiness,Happiness,0.02434979067179799
0.014645173279188694,Happiness,Joy,0.0009331498972298347
0.014645173279188694,Happiness,Pride,0.0030947084138679545
0.014645173279188694,Happiness,Sadness,4.61550177621221e-05
0.014645173279188694,Happiness,Shame,0.0007244226222023946
0.014645173279188694,Joy,Boredom,0.00043096827417617146
0.014645173279188694,Joy,Fear,0.008070383194889298
0.014645173279188694,Joy,Happiness,0.001188985893273144
0.014645173279188694,Joy,Joy,0.024923673822826117
0.014645173279188694,Joy,Pride,0.1646777161030572
0.014645173279188694,Joy,Sadness,0.0025057969319059806
0.014645173279188694,Joy,Shame,0.7982024757798721
0.014645173279188694,Pride,Boredom,0.0022061883796482685
0.014645173279188694,Pride,Fear,0.00019496277145175086
0.014645173279188694,Pride,Happiness,0.02608669007373344
0.014645173279188694,Pride,Joy,0.0005199124143277053
0.014645173279188694,Pride,Pride,0.6828744996540559
0.014645173279188694,Pride,Sadness,0.003265248020015001
0.014645173279188694,Pride,Shame,0.2848524986867677
0.014645173279188694,Sadness,Boredom,0.047811126479023996
0.014645173279188694,Sadness,Fear,0.7179525893153582
0.014645173279188694,Sadness,Happiness,0.010551156871680335
0.014645173279188694,Sadness,Joy,0.04399490478252951
0.014645173279188694,Sadness,Pride,0.0185875789590941
0.014645173279188694,Sadness,Sadness,0.008245582452376108
0.014645173279188694,Sadness,Shame,0.15285706113993816
0.014645173279188694,Shame,Boredom,0.00029170328106516537
0.014645173279188694,Shame,Fear,8.740232724985245e-05
0.014645173279188694,Shame,Happiness,0.00016668436374508568
0.014645173279188694,Shame,Joy,0.0001445860638242086
0.014645173279188694,Shame,Pride,0.017442929524945423
0.014645173279188694,Shame,Sadness,0.00024646200117311345
0.014645173279188694,Shame,Shame,0.9816202324379972
0.013837919096545009,Boredom,Boredom,0.5559804223290254
0.013837919096545009,Boredom,Fear,0.06158668789688742
0.013837919096545009,Boredom,Happiness,0.043813750320385515
0.013837919096545009,Boredom,Joy,0.16966600609890445
0.013837919096545009,Boredom,Pride,0.044091068014180564
0.013837919096545009,Boredom,Sadness,0.015056353688179105
0.013837919096545009,Boredom,Shame,0.1098057116524376
0.013837919096545009,Fear,Boredom,0.0018186172426131954
0.013837919096545009,Fear,Fear,0.9950551126684627
0.013837919096545009,Fear,Happiness,0.000551973170648306
0.013837919096545009,Fear,Joy,0.0007797139191052562
0.013837919096545009,Fear,Pride,0.0004975745646316337
0.013837919096545009,Fear,Sadness,0.00035211121387658214
0.013837919096545009,Fear,Shame,0.0009448972206621181
0.013837919096545009,Happiness,Boredom,0.9674757584868902
0.013837919096545009,Happiness,Fear,0.0001527697696058382
0.013837919096545009,Happiness,Happiness,0.027744866297204285
0.013837919096545009,Happiness,Joy,0.0009601285223766163
0.013837919096545009,Happiness,Pride,0.0028612516524970087
0.013837919096545009,Happiness,Sadness,4.60368804635035e-05
0.013837919096545009,Happiness,Shame,0.0007591883909627074
0.013837919096545009,Joy,Boredom,0.0018577384058884637
0.013837919096545009,Joy,Fear,0.016940980808138766
0.013837919096545009,Joy,Happiness,0.004173146520826328
0.013837919096545009,Joy,Joy,0.05586981189534115
0.013837919096545009,Joy,Pride,0.26966958965007615
0.013837919096545009,Joy,Sadness,0.006315105085529514
0.013837919096545009,Joy,Shame,0.6451736276341998
0.013837919096545009,Pride,Boredom,0.002155043750842707
0.013837919096545009,Pride,Fear,0.00017547417062925872
0.013837919096545009,Pride,Happiness,0.025580319505112258
0.013837919096545009,Pride,Joy,0.0005662695071626851
0.013837919096545009,Pride,Pride,0.7203528506391478
0.013837919096545009,Pride,Sadness,0.0034336863837491904
0.013837919096545009,Pride,Shame,0.2477363560433559
0.013837919096545009,Sadness,Boredom,0.04657209277478234
0.013837919096545009,Sadness,Fear,0.7115889155063408
0.013837919096545009,Sadness,Happiness,0.010243003797007173
0.013837919096545009,Sadness,Joy,0.043056809971568855
0.013837919096545009,Sadness,Pride,0.019227964580949213
0.013837919096545009,Sadness,Sadness,0.007977448885305514
0.013837919096545009,Sadness,Shame,0.1613337644840464
0.013837919096545009,Shame,Boredom,0.00045709020243008344
0.013837919096545009,Shame,Fear,0.0003398279141774195
0.013837919096545009,Shame,Happiness,0.00034071993824082386
0.013837919096545009,Shame,Joy,0.0003465548865566726
0.013837919096545009,Shame,Pride,0.07361451720754734
0.013837919096545009,Shame,Sadness,0.0008911062239523772
0.013837919096545009,Shame,Shame,0.9240101836270951
0.014255185428351849,Boredom,Boredom,0.5555759934376658
0.014255185428351849,Boredom,Fear,0.062221709398573743
0.014255185428351849,Boredom,Happiness,0.04527892210859608
0.014255185428351849,Boredom,Joy,0.17059755010225766
0.014255185428351849,Boredom,Pride,0.04163449711501708
0.014255185428351849,Boredom,Sadness,0.015367765165862662
0.014255185428351849,Boredom,Shame,0.10932356267202684
0.014255185428351849,Fear,Boredom,0.0018530241618754297
0.014255185428351849,Fear,Fear,0.9950083652470544
0.014255185428351849,Fear,Happiness,0.000553011690212128
0.014255185428351849,Fear,Joy,0.0007911746518589912
0.014255185428351849,Fear,Pride,0.0005019338636462775
0.014255185428351849,Fear,Sadness,0.0003536580365392277
0.014255185428351849,Fear,Shame,0.0009388323488136187
0.014255185428351849,Happiness,Boredom,0.9687246102321836
0.014255185428351849,Happiness,Fear,0.00014354020662833686
0.014255185428351849,Happiness,Happiness,0.026461004306507108
0.014255185428351849,Happiness,Joy,0.0009558890595499768
0.014255185428351849,Happiness,Pride,0.0029299231440332234
0.014255185428351849,Happiness,Sadness,4.6339004288714306e-05
0.014255185428351849,Happiness,Shame,0.0007386940468089152
0.014255185428351849,Joy,Boredom,0.0005822747025571239
0.014255185428351849,Joy,Fear,0.010440065866213873
0.014255185428351849,Joy,Happiness,0.001589003486105696
0.014255185428351849,Joy,Joy,0.029949819194541
0.014255185428351849,Joy,Pride,0.2123557007152353
0.014255185428351849,Joy,Sadness,0.0032723548443439176
0.014255185428351849,Joy,Shame,0.7418107811910029
0.014255185428351849,Pride,Boredom,0.0021939033273815794
0.014255185428351849,Pride,Fear,0.0001914004769928667
0.014255185428351849,Pride,Happiness,0.026772992065671377
0.014255185428351849,Pride,Joy,0.0005058134166578586
0.014255185428351849,Pride,Pride,0.6832150746972323
0.014255185428351849,Pride,Sadness,0.0032310499493948715
0.014255185428351849,Pride,Shame,0.2838897660666695
0.014255185428351849,Sadness,Boredom,0.04735713335178784
0.014255185428351849,Sadness,Fear,0.7113717190604004
0.014255185428351849,Sadness,Happiness,0.010344897051188916
0.014255185428351849,Sadness,Joy,0.04392512866314404
0.014255185428351849,Sadness,Pride,0.01848583956730012
0.014255185428351849,Sadness,Sadness,0.008147140063882619
0.014255185428351849,Sadness,Shame,0.1603681422422961
0.014255185428351849,Shame,Boredom,0.00028872443090126283
0.014255185428351849,Shame,Fear,0.000135603262412373
0.014255185428351849,Shame,Happiness,0.00010963628910926404
0.014255185428351849,Shame,Joy,8.542722021003721e-05
0.014255185428351849,Shame,Pride,0.03452513399142752
0.014255185428351849,Shame,Sadness,0.00040666363023190137
0.014255185428351849,Shame,Shame,0.9644488111757076
0.014112556060678284,Boredom,Boredom,0.5540629052710242
0.014112556060678284,Boredom,Fear,0.061610941933472475
0.014112556060678284,Boredom,Happiness,0.04479517605384112
0.014112556060678284,Boredom,Joy,0.16984416699666646
0.014112556060678284,Boredom,Pride,0.04386509440145207
0.014112556060678284,Boredom,Sadness,0.015223473207141779
0.014112556060678284,Boredom,Shame,0.11059824213640201
0.014112556060678284,Fear,Boredom,0.0018489101420039518
0.014112556060678284,Fear,Fear,0.9950031958327876
0.014112556060678284,Fear,Happiness,0.0005506131198842176
0.014112556060678284,Fear,Joy,0.0007888499242843298
0.014112556060678284,Fear,Pride,0.0005032488112171256
0.014112556060678284,Fear,Sadness,0.0003541696169624457
0.014112556060678284,Fear,Shame,0.000951012552860381
0.014112556060678284,Happiness,Boredom,0.9671680095901266
0.014112556060678284,Happiness,Fear,3.45200448043021e-05
0.014112556060678284,Happiness,Happiness,0.028144724169015256
0.014112556060678284,Happiness,Joy,0.000938628991590438
0.014112556060678284,Happiness,Pride,0.0028791315535289697
0.014112556060678284,Happiness,Sadness,4.5325620239965796e-05
0.014112556060678284,Happiness,Shame,0.0007896600306941278
0.014112556060678284,Joy,Boredom,0.0018236509610777248
0.014112556060678284,Joy,Fear,0.017122902928434484
0.014112556060678284,Joy,Happiness,0.004125097963166018
0.014112556060678284,Joy,Joy,0.056273575168376375
0.014112556060678284,Joy,Pride,0.2837286902389573
0.014112556060678284,Joy,Sadness,0.006388559158317049
0.014112556060678284,Joy,Shame,0.6305375235816713
0.014112556060678284,Pride,Boredom,0.0021706968094827397
0.014112556060678284,Pride,Fear,0.00017654935739450515
0.014112556060678284,Pride,Happiness,0.02490862910079336
0.014112556060678284,Pride,Joy,0.0005380706738854712
0.014112556060678284,Pride,Pride,0.710652770369453
0.014112556060678284,Pride,Sadness,0.003396694039977627
0.014112556060678284,Pride,Shame,0.258156589649013
0.014112556060678284,Sadness,Boredom,0.047190307928567425
0.014112556060678284,Sadness,Fear,0.7082635981226776
0.014112556060678284,Sadness,Happiness,0.010244403861984887
0.014112556060678284,Sadness,Joy,0.04364163746023099
0.014112556060678284,Sadness,Pride,0.019448525907266683
0.014112556060678284,Sadness,Sadness,0.008105394294659975
0.014112556060678284,Sadness,Shame,0.16310613242461236
0.014112556060678284,Shame,Boredom,0.00034992873281775895
0.014112556060678284,Shame,Fear,0.0002510051801820993
0.014112556060678284,Shame,Happiness,0.00016147836680316784
0.014112556060678284,Shame,Joy,0.0002833293641323793
0.014112556060678284,Shame,Pride,0.08636678849143509
0.014112556060678284,Shame,Sadness,0.0010092866488830628
0.014112556060678284,Shame,Shame,0.9115781832157467
0.012671474057139594,Boredom,Boredom,0.5585327999962963
0.012671474057139594,Boredom,Fear,0.05902547825137404
0.012671474057139594,Boredom,Happiness,0.040970465293092166
0.012671474057139594,Boredom,Joy,0.1688353198461191
0.012671474057139594,Boredom,Pride,0.045759142692914104
0.012671474057139594,Boredom,Sadness,0.014634599109492236
0.012671474057139594,Boredom,Shame,0.11224219481071178
0.012671474057139594,Fear,Boredom,0.0018160331795902976
0.012671474057139594,Fear,Fear,0.9950858666118152
0.012671474057139594,Fear,Happiness,0.0005615201600403988
0.012671474057139594,Fear,Joy,0.0007680719946119576
0.012671474057139594,Fear,Pride,0.0004916516637120435
0.012671474057139594,Fear,Sadness,0.0003521633925229916
0.012671474057139594,Fear,Shame,0.0009246929977073082
0.012671474057139594,Happiness,Boredom,0.963476133482603
0.012671474057139594,Happiness,Fear,3.4024604320394384e-05
0.012671474057139594,Happiness,Happiness,0.0320091863368273
0.012671474057139594,Happiness,Joy,0.0009277974887547889
0.012671474057139594,Happiness,Pride,0.0027548962863625653
0.012671474057139594,Happiness,Sadness,4.394290884112133e-05
0.012671474057139594,Happiness,Shame,0.0007540188922905945
0.012671474057139594,Joy,Boredom,0.004398572056483687
0.012671474057139594,Joy,Fear,0.02524504471983506
0.012671474057139594,Joy,Happiness,0.008959147820349143
0.012671474057139594,Joy,Joy,0.0833318252007558
0.012671474057139594,Joy,Pride,0.305097966872363
0.012671474057139594,Joy,Sadness,0.011207204768858345
0.012671474057139594,Joy,Shame,0.5617602385613549
0.012671474057139594,Pride,Boredom,0.002212538383328101
0.012671474057139594,Pride,Fear,0.00016593568026788667
0.012671474057139594,Pride,Happiness,0.03005890144166687
0.012671474057139594,Pride,Joy,0.0007373694324838656
0.012671474057139594,Pride,Pride,0.7532957923143274
0.012671474057139594,Pride,Sadness,0.003574579462535736
0.012671474057139594,Pride,Shame,0.20995488328539025
0.012671474057139594,Sadness,Boredom,0.04502563306646969
0.012671474057139594,Sadness,Fear,0.7111688931220717
0.012671474057139594,Sadness,Happiness,0.010174811781786624
0.012671474057139594,Sadness,Joy,0.041499487828711705
0.012671474057139594,Sadness,Pride,0.020350511178290315
0.012671474057139594,Sadness,Sadness,0.007738055230260727
0.012671474057139594,Sadness,Shame,0.16404260779240903
0.012671474057139594,Shame,Boredom,0.0004747119853449312
0.012671474057139594,Shame,Fear,0.00038127883400203614
0.012671474057139594,Shame,Happiness,0.00029612706042994195
0.012671474057139594,Shame,Joy,0.0008964126891613141
0.012671474057139594,Shame,Pride,0.14194724840773718
0.012671474057139594,Shame,Sadness,0.001549113761976632
0.012671474057139594,Shame,Shame,0.8544551072613475
0.013607842159891978,Boredom,Boredom,0.5641396809059719
0.013607842159891978,Boredom,Fear,0.06047923351234712
0.013607842159891978,Boredom,Happiness,0.04235716140779271
0.013607842159891978,Boredom,Joy,0.1688126104448464
0.013607842159891978,Boredom,Pride,0.04015603160124755
0.013607842159891978,Boredom,Sadness,0.01474739881386133
0.013607842159891978,Boredom,Shame,0.10930788331393299
0.013607842159891978,Fear,Boredom,0.0018253934491728025
0.013607842159891978,Fear,Fear,0.9950637777351776
0.013607842159891978,Fear,Happiness,0.0005534519963492828
0.013607842159891978,Fear,Joy,0.0007807695726350688
0.013607842159891978,Fear,Pride,0.00048229450053797356
0.013607842159891978,Fear,Sadness,0.0003510889928600404
0.013607842159891978,Fear,Shame,0.0009432237532674588
0.013607842159891978,Happiness,Boredom,0.9685049521628335
0.013607842159891978,Happiness,Fear,0.00014489417187823366
0.013607842159891978,Happiness,Happiness,0.026777875823350675
0.013607842159891978,Happiness,Joy,0.0009350903440463246
0.013607842159891978,Happiness,Pride,0.002851812302046558
0.013607842159891978,Happiness,Sadness,4.521365645148612e-05
0.013607842159891978,Happiness,Shame,0.0007401615393932549
0.013607842159891978,Joy,Boredom,0.0020863473179407004
0.013607842159891978,Joy,Fear,0.016866515063012615
0.013607842159891978,Joy,Happiness,0.0045509751348427755
0.013607842159891978,Joy,Joy,0.0574675057829183
0.013607842159891978,Joy,Pride,0.25461148992896415
0.013607842159891978,Joy,Sadness,0.006600274703041563
0.013607842159891978,Joy,Shame,0.65781689206928
0.013607842159891978,Pride,Boredom,0.0021091864966103304
0.013607842159891978,Pride,Fear,0.0001641157329299838
0.013607842159891978,Pride,Happiness,0.024706064793847984
0.013607842159891978,Pride,Joy,0.0005126926958624528
0.013607842159891978,Pride,Pride,0.7824629884049681
0.013607842159891978,Pride,Sadness,0.003667751452814137
0.013607842159891978,Pride,Shame,0.1863772004229669
0.013607842159891978,Sadness,Boredom,0.046204076210688096
0.013607842159891978,Sadness,Fear,0.7126807280795839
0.013607842159891978,Sadness,Happiness,0.010254812322156243
0.013607842159891978,Sadness,Joy,0.04281530317673038
0.013607842159891978,Sadness,Pride,0.0182108016577155
0.013607842159891978,Sadness,Sadness,0.007886757877883595
0.013607842159891978,Sadness,Shame,0.161947520675242
0.013607842159891978,Shame,Boredom,0.0003593785998387136
0.013607842159891978,Shame,Fear,0.00022188412807991055
0.013607842159891978,Shame,Happiness,0.00020789779167283627
0.013607842159891978,Shame,Joy,0.00020515489592993274
0.013607842159891978,Shame,Pride,0.053609005119009526
0.013607842159891978,Shame,Sadness,0.0006346240820105834
0.013607842159891978,Shame,Shame,0.9447620553834583
0.014487685830262605,Boredom,Boredom,0.5565787189437481
0.014487685830262605,Boredom,Fear,0.06280293312657788
0.014487685830262605,Boredom,Happiness,0.045855475279033275
0.014487685830262605,Boredom,Joy,0.17049593712464822
0.014487685830262605,Boredom,Pride,0.040354583805276234
0.014487685830262605,Boredom,Sadness,0.015479768306118316
0.014487685830262605,Boredom,Shame,0.10843258341459813
0.014487685830262605,Fear,Boredom,0.0018466325889348722
0.014487685830262605,Fear,Fear,0.9950306849960674
0.014487685830262605,Fear,Happiness,0.0005541651390367099
0.014487685830262605,Fear,Joy,0.0007860474550044235
0.014487685830262605,Fear,Pride,0.0004986675856607899
0.014487685830262605,Fear,Sadness,0.000355514003745332
0.014487685830262605,Fear,Shame,0.000928288231550698
0.014487685830262605,Happiness,Boredom,0.9695474083477105
0.014487685830262605,Happiness,Fear,0.00013668238628572523
0.014487685830262605,Happiness,Happiness,0.025613699785371584
0.014487685830262605,Happiness,Joy,0.0009403093369883304
0.014487685830262605,Happiness,Pride,0.003010755188152368
0.014487685830262605,Happiness,Sadness,4.6495595328446365e-05
0.014487685830262605,Happiness,Shame,0.0007046493601629449
0.014487685830262605,Joy,Boredom,0.00043344821853655936
0.014487685830262605,Joy,Fear,0.009183821913751293
0.014487685830262605,Joy,Happiness,0.00125807755372252
0.014487685830262605,Joy,Joy,0.025194430341489743
0.014487685830262605,Joy,Pride,0.19216146546695398
0.014487685830262605,Joy,Sadness,0.0027591117388865577
0.014487685830262605,Joy,Shame,0.7690096447666596
0.014487685830262605,Pride,Boredom,0.0021279353668922363
0.014487685830262605,Pride,Fear,0.00018280146206027867
0.014487685830262605,Pride,Happiness,0.025820463177851825
0.014487685830262605,Pride,Joy,0.0004838380438086814
0.014487685830262605,Pride,Pride,0.7052607188446752
0.014487685830262605,Pride,Sadness,0.0033046107089808848
0.014487685830262605,Pride,Shame,0.26281963239573086
0.014487685830262605,Sadness,Boredom,0.04803337618735623
0.014487685830262605,Sadness,Fear,0.712029171975523
0.014487685830262605,Sadness,Happiness,0.01038222323267856
0.014487685830262605,Sadness,Joy,0.04367952489194381
0.014487685830262605,Sadness,Pride,0.01813094562681511
0.014487685830262605,Sadness,Sadness,0.008206305228956599
0.014487685830262605,Sadness,Shame,0.15953845285672683
0.014487685830262605,Shame,Boredom,0.00034863254059225567
0.014487685830262605,Shame,Fear,0.00013519565064257108
0.014487685830262605,Shame,Happiness,0.00026616126905702287
0.014487685830262605,Shame,Joy,0.00022614061430959275
0.014487685830262605,Shame,Pride,0.022359529020167117
0.014487685830262605,Shame,Sadness,0.0003162379332334435
0.014487685830262605,Shame,Shame,0.9763481029719979
0.012510103528984285,Boredom,Boredom,0.5593542669878919
0.012510103528984285,Boredom,Fear,0.05833581058224597
0.012510103528984285,Boredom,Happiness,0.03999568839449693
0.012510103528984285,Boredom,Joy,0.16835858107621715
0.012510103528984285,Boredom,Pride,0.047556015382879104
0.012510103528984285,Boredom,Sadness,0.014530335073697935
0.012510103528984285,Boredom,Shame,0.11186930250257102
0.012510103528984285,Fear,Boredom,0.0018125880503657224
0.012510103528984285,Fear,Fear,0.9950772107319806
0.012510103528984285,Fear,Happiness,0.000561780960808842
0.012510103528984285,Fear,Joy,0.0007664235698839296
0.012510103528984285,Fear,Pride,0.000505078079059169
0.012510103528984285,Fear,Sadness,0.0003493449246201823
0.012510103528984285,Fear,Shame,0.0009275736832813577
0.012510103528984285,Happiness,Boredom,0.9651953311343113
0.012510103528984285,Happiness,Fear,3.376034942451087e-05
0.012510103528984285,Happiness,Happiness,0.030346559475762664
0.012510103528984285,Happiness,Joy,0.0009217389340821692
0.012510103528984285,Happiness,Pride,0.002668000494044141
0.012510103528984285,Happiness,Sadness,4.3527944962041665e-05
0.012510103528984285,Happiness,Shame,0.0007910816674132868
0.012510103528984285,Joy,Boredom,0.0034216959752994378
0.012510103528984285,Joy,Fear,0.021682969858541356
0.012510103528984285,Joy,Happiness,0.00710716505603923
0.012510103528984285,Joy,Joy,0.0729513292709993
0.012510103528984285,Joy,Pride,0.28313073989965304
0.012510103528984285,Joy,Sadness,0.009298632833908412
0.012510103528984285,Joy,Shame,0.6024074671055593
0.012510103528984285,Pride,Boredom,0.0022423784912279695
0.012510103528984285,Pride,Fear,0.0001643231569341312
0.012510103528984285,Pride,Happiness,0.03163102755347736
0.012510103528984285,Pride,Joy,0.0008651707112733951
0.012510103528984285,Pride,Pride,0.702472624400789
0.012510103528984285,Pride,Sadness,0.003464510321674545
0.012510103528984285,Pride,Shame,0.25915996536462366
0.012510103528984285,Sadness,Boredom,0.0449543985578932
0.012510103528984285,Sadness,Fear,0.7123324681288122
0.012510103528984285,Sadness,Happiness,0.010193277241394582
0.012510103528984285,Sadness,Joy,0.0413668341445375
0.012510103528984285,Sadness,Pride,0.020829492614404643
0.012510103528984285,Sadness,Sadness,0.007732579122805261
0.012510103528984285,Sadness,Shame,0.16259095019015243
0.012510103528984285,Shame,Boredom,0.0004513728545631207
0.012510103528984285,Shame,Fear,0.00033917255891206875
0.012510103528984285,Shame,Happiness,0.00028493709802596834
0.012510103528984285,Shame,Joy,0.0009790192455971364
0.012510103528984285,Shame,Pride,0.12904921785550144
0.012510103528984285,Shame,Sadness,0.0014417290032986965
0.012510103528984285,Shame,Shame,0.8674545513841017
0.013000397077465019,Boredom,Boredom,0.5622335154231336
0.013000397077465019,Boredom,Fear,0.05954809103036067
0.013000397077465019,Boredom,Happiness,0.041454331120356964
0.013000397077465019,Boredom,Joy,0.16874694039957797
0.013000397077465019,Boredom,Pride,0.04273032691315035
0.013000397077465019,Boredom,Sadness,0.014642885201669745
0.013000397077465019,Boredom,Shame,0.11064390991175048
0.013000397077465019,Fear,Boredom,0.0018184076583163651
0.013000397077465019,Fear,Fear,0.9950796315073003
0.013000397077465019,Fear,Happiness,0.0005652730264395954
0.013000397077465019,Fear,Joy,0.0007730598092607512
0.013000397077465019,Fear,Pride,0.0004957578503933422
0.013000397077465019,Fear,Sadness,0.00035340977388367964
0.013000397077465019,Fear,Shame,0.0009144603744060444
0.013000397077465019,Happiness,Boredom,0.9680383874264802
0.013000397077465019,Happiness,Fear,3.385869498830707e-05
0.013000397077465019,Happiness,Happiness,0.02755343823100309
0.013000397077465019,Happiness,Joy,0.000918222537812418
0.013000397077465019,Happiness,Pride,0.0026655048497566387
0.013000397077465019,Happiness,Sadness,4.315529866257991e-05
0.013000397077465019,Happiness,Shame,0.0007474329612968265
0.013000397077465019,Joy,Boredom,0.0021339594087550822
0.013000397077465019,Joy,Fear,0.016904411715245357
0.013000397077465019,Joy,Happiness,0.004642108525090399
0.013000397077465019,Joy,Joy,0.05832952338400254
0.013000397077465019,Joy,Pride,0.25744801575467646
0.013000397077465019,Joy,Sadness,0.006729191157722382
0.013000397077465019,Joy,Shame,0.6538127900545075
0.013000397077465019,Pride,Boredom,0.002194648675823841
0.013000397077465019,Pride,Fear,0.00016052572103641925
0.013000397077465019,Pride,Happiness,0.027649992036545484
0.013000397077465019,Pride,Joy,0.0005576598616915246
0.013000397077465019,Pride,Pride,0.7420493628547947
0.013000397077465019,Pride,Sadness,0.003541969901365007
0.013000397077465019,Pride,Shame,0.22384584094874285
0.013000397077465019,Sadness,Boredom,0.04527311233969193
0.013000397077465019,Sadness,Fear,0.7107184800883443
0.013000397077465019,Sadness,Happiness,0.01027357260008008
0.013000397077465019,Sadness,Joy,0.04188122039630521
0.013000397077465019,Sadness,Pride,0.019109078842562965
0.013000397077465019,Sadness,Sadness,0.007770255195197735
0.013000397077465019,Sadness,Shame,0.16497428053781765
0.013000397077465019,Shame,Boredom,0.0004576289265577029
0.013000397077465019,Shame,Fear,0.0003218991927533729
0.013000397077465019,Shame,Happiness,0.0003410121571436861
0.013000397077465019,Shame,Joy,0.00034611370409666134
0.013000397077465019,Shame,Pride,0.07492101008775365
0.013000397077465019,Shame,Sadness,0.0008631057951366854
0.013000397077465019,Shame,Shame,0.9227492301365584
0.01438535907027005,Boredom,Boredom,0.5576695888302107
0.01438535907027005,Boredom,Fear,0.062462816758624216
0.01438535907027005,Boredom,Happiness,0.045384559815983064
0.01438535907027005,Boredom,Joy,0.1703098814448316
0.01438535907027005,Boredom,Pride,0.04038314618621089
0.01438535907027005,Boredom,Sadness,0.015360602181884815
0.01438535907027005,Boredom,Shame,0.1084294047822547
0.01438535907027005,Fear,Boredom,0.0018633051006221033
0.01438535907027005,Fear,Fear,0.9949835596528178
0.01438535907027005,Fear,Happiness,0.0005545802331828707
0.01438535907027005,Fear,Joy,0.0007909978188876022
0.01438535907027005,Fear,Pride,0.0005035010301013298
0.01438535907027005,Fear,Sadness,0.00035400118393096795
0.01438535907027005,Fear,Shame,0.0009500549804574065
0.01438535907027005,Happiness,Boredom,0.9675595239804858
0.01438535907027005,Happiness,Fear,3.502426007508268e-05
0.01438535907027005,Happiness,Happiness,0.02774505972035417
0.01438535907027005,Happiness,Joy,0.0009304088848345155
0.01438535907027005,Happiness,Pride,0.002967639726833283
0.01438535907027005,Happiness,Sadness,4.555960393320998e-05
0.01438535907027005,Happiness,Shame,0.0007167838234840969
0.01438535907027005,Joy,Boredom,0.0002760926579091215
0.01438535907027005,Joy,Fear,0.0071843583740009
0.01438535907027005,Joy,Happiness,0.0008740008068165242
0.01438535907027005,Joy,Joy,0.01930412298304999
0.01438535907027005,Joy,Pride,0.1549610266489006
0.01438535907027005,Joy,Sadness,0.002090266723953772
0.01438535907027005,Joy,Shame,0.8153101318053694
0.01438535907027005,Pride,Boredom,0.0020117600849944876
0.01438535907027005,Pride,Fear,0.00018772916881816453
0.01438535907027005,Pride,Happiness,0.02751259363197661
0.01438535907027005,Pride,Joy,0.0004592369627890711
0.01438535907027005,Pride,Pride,0.6728230141088647
0.01438535907027005,Pride,Sadness,0.0031329589845453306
0.01438535907027005,Pride,Shame,0.2938727070580111
0.01438535907027005,Sadness,Boredom,0.04819640810797748
0.01438535907027005,Sadness,Fear,0.7084191510430679
0.01438535907027005,Sadness,Happiness,0.010375121997902952
0.01438535907027005,Sadness,Joy,0.04381561619968839
0.01438535907027005,Sadness,Pride,0.018184828085880015
0.01438535907027005,Sadness,Sadness,0.00823645422055307
0.01438535907027005,Sadness,Shame,0.16277242034493047
0.01438535907027005,Shame,Boredom,0.00027113129068921475
0.01438535907027005,Shame,Fear,6.845735500161553e-05
0.01438535907027005,Shame,Happiness,0.00012776858139631624
0.01438535907027005,Shame,Joy,0.0001128121688963399
0.01438535907027005,Shame,Pride,0.015152892158691198
0.01438535907027005,Shame,Sadness,0.0002033923851680204
0.01438535907027005,Shame,Shame,0.9840635460601576
